{"cameraMode":{"drawMode":0,"name":"Shaded","section":"Shading Mode"},"sceneLighting":true,"audioPlay":false,"sceneViewState":{"showFog":true,"showMaterialUpdate":false,"showSkybox":true,"showFlares":true,"showImageEffects":true,"showParticleSystems":true,"showVisualEffectGraphs":true,"m_FxEnabled":true},"in2DMode":false,"pivot":{"x":-1.038327693939209,"y":-0.13571596145629884,"z":8.05282211303711},"rotation":{"x":-0.10659328103065491,"y":-0.015811191871762277,"z":0.0016953040612861515,"w":-0.9941758513450623},"size":14.093178749084473,"orthographic":false}