{"cameraMode":{"drawMode":0,"name":"Shaded","section":"Shading Mode"},"sceneLighting":true,"audioPlay":false,"sceneViewState":{"showFog":true,"showMaterialUpdate":false,"showSkybox":true,"showFlares":true,"showImageEffects":true,"showParticleSystems":true,"showVisualEffectGraphs":true,"m_FxEnabled":true},"in2DMode":false,"pivot":{"x":4.387079238891602,"y":0.17214298248291017,"z":19.711139678955079},"rotation":{"x":-0.06915541738271713,"y":-0.05324908345937729,"z":0.003696671687066555,"w":-0.9961780905723572},"size":26.85367774963379,"orthographic":false}